{
    "Scene": {
        "name": "",
        "gameObjects": [
            {
                "id": 0,
                "name": "Cube Original",
                "path": "C:\\Users\\sseunarine\\OneDrive\\Desktop\\cube.obj",
                "transform": {
                    "position": {
                        "x": 0.0,
                        "y": 0.0,
                        "z": 0.0
                    },
                    "rotation": {
                        "q.w": 0.9230024814605713,
                        "q.x": 0.2691703736782074,
                        "q.y": 0.26917049288749697,
                        "q.z": 0.05622262507677078
                    },
                    "scale": {
                        "x": 1.0,
                        "y": 1.0,
                        "z": 1.0
                    }
                },
                "material": {
                    "ambient": {
                        "x": 0.10000000149011612,
                        "y": 0.10000000149011612,
                        "z": 0.10000000149011612
                    },
                    "diffuse": {
                        "x": 1.0,
                        "y": 1.0,
                        "z": 1.0
                    },
                    "specular": {
                        "x": 1.0,
                        "y": 1.0,
                        "z": 1.0
                    },
                    "shininess": 10.0
                }
            }
        ],
        "lights": [
            {
                "id": 0,
                "type": "Point",
                "transform": {
                    "position": {
                        "x": 1.5000004768371583,
                        "y": 0.8000000715255737,
                        "z": 2.1999998092651369
                    },
                    "rotation": {
                        "q.w": 1.0,
                        "q.x": 0.0,
                        "q.y": 0.0,
                        "q.z": 0.0
                    },
                    "scale": {
                        "x": 1.0,
                        "y": 1.0,
                        "z": 1.0
                    }
                },
                "material": {
                    "ambient": {
                        "x": 0.699999988079071,
                        "y": 0.699999988079071,
                        "z": 0.699999988079071
                    },
                    "diffuse": {
                        "x": 1.4901161193847657e-8,
                        "y": 0.9000000953674316,
                        "z": 1.8000003099441529
                    },
                    "specular": {
                        "x": 1.0,
                        "y": 1.0,
                        "z": 1.0
                    },
                    "shininess": 10.0
                },
                "attenuation": {
                    "x": 1.0,
                    "y": 0.09000000357627869,
                    "z": 0.03200000151991844
                }
            }
        ]
    }
}
